[
    {
        "quoteText": "Take up one idea. Make that one idea your life - think of it, dream of it, live on that idea. Let the brain, muscles, nerves, every part of your body, be full of that idea, and just leave every other idea alone. This is the way to success."
    },
    {
        "quoteText": "Never think there is anything impossible for the soul. It is the greatest heresy to think so. If there is sin, this is the only sin, to say that you are weak, or others are weak."
    },
    {
        "quoteText": "You cannot believe in God until you believe in yourself."
    },
    {
        "quoteText": "You have to grow from the inside out. None can teach you, none can make you spiritual. There is no other teacher but your own soul."
    },
    {
        "quoteText": "Arise! Awake! and stop not until the goal is reached."
    },
    {
        "quoteText": "All the powers in the universe are already ours. It is we who we have put our hands before our eyes and cry that it is dark"
    },
    {
        "quoteText": "Learn everything that is good from others but bring it in, and in your own way absorb it, do not become others."
    },
    {
        "quoteText": "Do not wait for anybody or anything. Do whatever you can, build your hope on none"
    },
    {
        "quoteText": "Have faith enough and you will be free in a minute"
    },
    {
        "quoteText": "Do one thing at a time, and while doing it put your whole soul into it to the exclusion of all else."
    },
    {
        "quoteText": "All power is within you, you can do anything"
    },
    {
        "quoteText": "Neither seek nor avoid, take what comes"
    },
    {
        "quoteText": "He who struggles is better than he who never attempts."
    },
    {
        "quoteText": "Man is made by his belief. As he believes, so he is."
    },
    {
        "quoteText": "Always perform your duty efficiently and without attachment to the results, because by doing work without attachment one attains the Supreme"
    },
    {
        "quoteText": "As they approach me, so I receive them. All paths, Arjuna, lead to me."
    },
    {
        "quoteText": "No one who does good work will ever come to a bad end, either here or in the world to come"
    },
    {
        "quoteText": "On this path effort never goes to waste, and there is no failure. Even a little effort toward spiritual awareness will protect you from the greatest fear."
    },
    {
        "quoteText": "All works are being done by the energy and power of nature, but due to delusion of ego people assume themselves to be the doer."
    },
    {
        "quoteText": "We behold what we are, and we are what we behold."
    },
    {
        "quoteText": "The actions of a great man are an inspiration for others. Whatever he does becomes a standard for others to follow."
    },
    {
        "quoteText": "So remember Me, I will remember you. And be grateful to Me and do not deny Me."
    },
    {
        "quoteText": "Do not let your difficulties fill you with anxiety. It is only in the darkest nights that the stars shine more brilliantly."
    },
    {
        "quoteText": "So verily with the hardship, there is a relief, verily with the hardship, there is a relief"
    },
    {
        "quoteText": "He is with you, where you may be, and Allah is seeing your deeds "
    }
]